<?xml version="1.0" encoding="UTF-8"?>
<project-private xmlns="http://www.netbeans.org/ns/project-private/1">
    <editor-bookmarks xmlns="http://www.netbeans.org/ns/editor-bookmarks/2" lastBookmarkId="0"/>
    <open-files xmlns="http://www.netbeans.org/ns/projectui-open-files/2">
        <group>
            <file>file:/C:/Users/Chris/Documents/SoftEngineWork/CourseSchedApp_v5.1.0/CourseSchedApp_v5.1.0/CourseSchedApp/CourseSchedApp/CourseSchedApp_v4.2.0/src/CourseSchedApp/Administration/AdminHome.java</file>
            <file>file:/C:/Users/Chris/Documents/SoftEngineWork/CourseSchedApp_v5.1.0/CourseSchedApp_v5.1.0/CourseSchedApp/CourseSchedApp/CourseSchedApp_v4.2.0/src/CourseSchedApp/Program_Modeling/QueryBuilder.java</file>
            <file>file:/C:/Users/Chris/Documents/SoftEngineWork/CourseSchedApp_v5.1.0/CourseSchedApp_v5.1.0/CourseSchedApp/CourseSchedApp/CourseSchedApp_v4.2.0/src/CourseSchedApp/Administration/ErrorLogUI.java</file>
            <file>file:/C:/Users/Chris/Documents/SoftEngineWork/CourseSchedApp_v5.1.0/CourseSchedApp_v5.1.0/CourseSchedApp/CourseSchedApp/CourseSchedApp_v4.2.0/src/CourseSchedApp/Administration/Update_Remove.java</file>
            <file>file:/C:/Users/Chris/Documents/SoftEngineWork/CourseSchedApp_v5.1.0/CourseSchedApp_v5.1.0/CourseSchedApp/CourseSchedApp/CourseSchedApp_v4.2.0/src/CourseSchedApp/Administration/LogInUI.java</file>
            <file>file:/C:/Users/Chris/Documents/SoftEngineWork/CourseSchedApp_v5.1.0/CourseSchedApp_v5.1.0/CourseSchedApp/CourseSchedApp/CourseSchedApp_v4.2.0/src/CourseSchedApp/Administration/InputErrorUI.java</file>
            <file>file:/C:/Users/Chris/Documents/SoftEngineWork/CourseSchedApp_v5.1.0/CourseSchedApp_v5.1.0/CourseSchedApp/CourseSchedApp/CourseSchedApp_v4.2.0/src/CourseSchedApp/Course_Node_Controller/CourseNode.java</file>
            <file>file:/C:/Users/Chris/Documents/SoftEngineWork/CourseSchedApp_v5.1.0/CourseSchedApp_v5.1.0/CourseSchedApp/CourseSchedApp/CourseSchedApp_v4.2.0/src/CourseSchedApp/Scheduling/Planner.java</file>
            <file>file:/C:/Users/Chris/Documents/SoftEngineWork/CourseSchedApp_v5.1.0/CourseSchedApp_v5.1.0/CourseSchedApp/CourseSchedApp/CourseSchedApp_v4.2.0/src/CourseSchedApp/Course_Node_Controller/CourseNodeManager.java</file>
            <file>file:/C:/Users/Chris/Documents/SoftEngineWork/CourseSchedApp_v5.1.0/CourseSchedApp_v5.1.0/CourseSchedApp/CourseSchedApp/CourseSchedApp_v4.2.0/src/CourseSchedApp/Course_Node_Controller/MainInterface.java</file>
            <file>file:/C:/Users/Chris/Documents/SoftEngineWork/CourseSchedApp_v5.1.0/CourseSchedApp_v5.1.0/CourseSchedApp/CourseSchedApp/CourseSchedApp_v4.2.0/src/CourseSchedApp/Course_Node_Controller/OverviewPanel.java</file>
            <file>file:/C:/Users/Chris/Documents/SoftEngineWork/CourseSchedApp_v5.1.0/CourseSchedApp_v5.1.0/CourseSchedApp/CourseSchedApp/CourseSchedApp_v4.2.0/src/CourseSchedApp/Administration/Error.java</file>
            <file>file:/C:/Users/Chris/Documents/SoftEngineWork/CourseSchedApp_v5.1.0/CourseSchedApp_v5.1.0/CourseSchedApp/CourseSchedApp/CourseSchedApp_v4.2.0/src/CourseSchedApp/Course_Node_Controller/Course.java</file>
            <file>file:/C:/Users/Chris/Documents/SoftEngineWork/CourseSchedApp_v5.1.0/CourseSchedApp_v5.1.0/CourseSchedApp/CourseSchedApp/CourseSchedApp_v4.2.0/src/CourseSchedApp/Administration/UpdateCourse.java</file>
            <file>file:/C:/Users/Chris/Documents/SoftEngineWork/CourseSchedApp_v5.1.0/CourseSchedApp_v5.1.0/CourseSchedApp/CourseSchedApp/CourseSchedApp_v4.2.0/src/CourseSchedApp/Administration/NewCourse.java</file>
            <file>file:/C:/Users/Chris/Documents/SoftEngineWork/CourseSchedApp_v5.1.0/CourseSchedApp_v5.1.0/CourseSchedApp/CourseSchedApp/CourseSchedApp_v4.2.0/src/CourseSchedApp/Scheduling/SchedulePanel.java</file>
            <file>file:/C:/Users/Chris/Documents/SoftEngineWork/CourseSchedApp_v5.1.0/CourseSchedApp_v5.1.0/CourseSchedApp/CourseSchedApp/CourseSchedApp_v4.2.0/src/CourseSchedApp/Program_Modeling/DataBaseHandler.java</file>
            <file>file:/C:/Users/Chris/Documents/SoftEngineWork/CourseSchedApp_v5.1.0/CourseSchedApp_v5.1.0/CourseSchedApp/CourseSchedApp/CourseSchedApp_v4.2.0/src/CourseSchedApp/Scheduling/Exporter.java</file>
            <file>file:/C:/Users/Chris/Documents/SoftEngineWork/CourseSchedApp_v5.1.0/CourseSchedApp_v5.1.0/CourseSchedApp/CourseSchedApp/CourseSchedApp_v4.2.0/src/CourseSchedApp/Scheduling/Semester.java</file>
            <file>file:/C:/Users/Chris/Documents/SoftEngineWork/CourseSchedApp_v5.1.0/CourseSchedApp_v5.1.0/CourseSchedApp/CourseSchedApp/CourseSchedApp_v4.2.0/src/CourseSchedApp/Administration/AdminLauncher.java</file>
        </group>
    </open-files>
</project-private>
